<ImportExportXml version="9.2.23123.210" SolutionPackageVersion="9.2" languagecode="1046" generatedBy="CrmLive" xmlns:xsi="http://www.w3.org/2001/XMLSchema-instance">
  <SolutionManifest>
    <UniqueName>Projetocanva</UniqueName>
    <LocalizedNames>
      <LocalizedName description="Projeto DIO Canva APP" languagecode="1046" />
    </LocalizedNames>
    <Descriptions />
    <Version>1.0.0.1</Version>
    <Managed>0</Managed>
    <Publisher>
      <UniqueName>gendersonfrana</UniqueName>
      <LocalizedNames>
        <LocalizedName description="Genderson França" languagecode="1046" />
      </LocalizedNames>
      <Descriptions />
      <EMailAddress xsi:nil="true"></EMailAddress>
      <SupportingWebsiteUrl xsi:nil="true"></SupportingWebsiteUrl>
      <CustomizationPrefix>dio</CustomizationPrefix>
      <CustomizationOptionValuePrefix>91430</CustomizationOptionValuePrefix>
      <Addresses>
        <Address>
          <AddressNumber>1</AddressNumber>
          <AddressTypeCode>1</AddressTypeCode>
          <City xsi:nil="true"></City>
          <County xsi:nil="true"></County>
          <Country xsi:nil="true"></Country>
          <Fax xsi:nil="true"></Fax>
          <FreightTermsCode xsi:nil="true"></FreightTermsCode>
          <ImportSequenceNumber xsi:nil="true"></ImportSequenceNumber>
          <Latitude xsi:nil="true"></Latitude>
          <Line1 xsi:nil="true"></Line1>
          <Line2 xsi:nil="true"></Line2>
          <Line3 xsi:nil="true"></Line3>
          <Longitude xsi:nil="true"></Longitude>
          <Name xsi:nil="true"></Name>
          <PostalCode xsi:nil="true"></PostalCode>
          <PostOfficeBox xsi:nil="true"></PostOfficeBox>
          <PrimaryContactName xsi:nil="true"></PrimaryContactName>
          <ShippingMethodCode>1</ShippingMethodCode>
          <StateOrProvince xsi:nil="true"></StateOrProvince>
          <Telephone1 xsi:nil="true"></Telephone1>
          <Telephone2 xsi:nil="true"></Telephone2>
          <Telephone3 xsi:nil="true"></Telephone3>
          <TimeZoneRuleVersionNumber xsi:nil="true"></TimeZoneRuleVersionNumber>
          <UPSZone xsi:nil="true"></UPSZone>
          <UTCOffset xsi:nil="true"></UTCOffset>
          <UTCConversionTimeZoneCode xsi:nil="true"></UTCConversionTimeZoneCode>
        </Address>
        <Address>
          <AddressNumber>2</AddressNumber>
          <AddressTypeCode>1</AddressTypeCode>
          <City xsi:nil="true"></City>
          <County xsi:nil="true"></County>
          <Country xsi:nil="true"></Country>
          <Fax xsi:nil="true"></Fax>
          <FreightTermsCode xsi:nil="true"></FreightTermsCode>
          <ImportSequenceNumber xsi:nil="true"></ImportSequenceNumber>
          <Latitude xsi:nil="true"></Latitude>
          <Line1 xsi:nil="true"></Line1>
          <Line2 xsi:nil="true"></Line2>
          <Line3 xsi:nil="true"></Line3>
          <Longitude xsi:nil="true"></Longitude>
          <Name xsi:nil="true"></Name>
          <PostalCode xsi:nil="true"></PostalCode>
          <PostOfficeBox xsi:nil="true"></PostOfficeBox>
          <PrimaryContactName xsi:nil="true"></PrimaryContactName>
          <ShippingMethodCode>1</ShippingMethodCode>
          <StateOrProvince xsi:nil="true"></StateOrProvince>
          <Telephone1 xsi:nil="true"></Telephone1>
          <Telephone2 xsi:nil="true"></Telephone2>
          <Telephone3 xsi:nil="true"></Telephone3>
          <TimeZoneRuleVersionNumber xsi:nil="true"></TimeZoneRuleVersionNumber>
          <UPSZone xsi:nil="true"></UPSZone>
          <UTCOffset xsi:nil="true"></UTCOffset>
          <UTCConversionTimeZoneCode xsi:nil="true"></UTCConversionTimeZoneCode>
        </Address>
      </Addresses>
    </Publisher>
    <RootComponents>
      <RootComponent type="1" schemaName="contact" behavior="0" />
      <RootComponent type="1" schemaName="dio_aluno" behavior="0" />
      <RootComponent type="1" schemaName="dio_alunoxcurso" behavior="0" />
      <RootComponent type="1" schemaName="dio_curso" behavior="0" />
      <RootComponent type="1" schemaName="dio_cursoxinstrutor" behavior="0" />
      <RootComponent type="1" schemaName="dio_instrutor" behavior="0" />
      <RootComponent type="29" id="{fdf1deac-27b6-ee11-9078-0022483606e2}" behavior="0" />
      <RootComponent type="60" id="{70ad8b15-e3f3-4d7d-9e4b-16cb4e51b484}" />
      <RootComponent type="62" schemaName="dio_ProjetoaplicativocanvaDIO" behavior="0" />
      <RootComponent type="80" schemaName="dio_ProjetoaplicativocanvaDIO" behavior="0" />
      <RootComponent type="300" schemaName="dio_aplicativooficialcanvaapp_d18e3" behavior="0" />
    </RootComponents>
    <MissingDependencies>
      <MissingDependency>
        <Required type="1" schemaName="adx_externalidentity" displayName="Identidade Externa" solution="PowerPages_RuntimeCore (1.0.2308.4)" />
        <Dependent type="1" schemaName="contact" displayName="Contato" />
      </MissingDependency>
      <MissingDependency>
        <Required type="1" schemaName="adx_externalidentity" displayName="Identidade Externa" solution="PowerPages_RuntimeCore (1.0.2308.4)" />
        <Dependent type="60" displayName="Portal Contact (Enhanced)" parentDisplayName="Contato" id="{c1c97961-2d42-4103-abf8-2fe2bdf38224}" />
      </MissingDependency>
      <MissingDependency>
        <Required type="1" schemaName="adx_invitation" displayName="Convite" solution="PowerPages_RuntimeCore (1.0.2308.4)" />
        <Dependent type="1" schemaName="contact" displayName="Contato" />
      </MissingDependency>
      <MissingDependency>
        <Required type="1" schemaName="adx_webformsession" displayName="Sessão de Formulário de Várias Etapas" solution="PowerPages_RuntimeCore (1.0.2308.4)" />
        <Dependent type="1" schemaName="contact" displayName="Contato" />
      </MissingDependency>
      <MissingDependency>
        <Required type="1" schemaName="entitlement" displayName="Direito" solution="msdynce_Service (9.0.5.56)" />
        <Dependent type="60" displayName="Contato" parentDisplayName="Contato" id="{1fed44d1-ae68-4a41-bd2b-f13acac4acfa}" />
      </MissingDependency>
      <MissingDependency>
        <Required type="1" schemaName="incident" displayName="Ocorrência" solution="msdynce_Service (9.0.5.56)" />
        <Dependent type="60" displayName="Contato" parentDisplayName="Contato" id="{1fed44d1-ae68-4a41-bd2b-f13acac4acfa}" />
      </MissingDependency>
      <MissingDependency>
        <Required type="1" schemaName="msdyn_actual" displayName="Dados Reais" solution="MicrosoftDynamicsScheduling (3.12.0.448)" />
        <Dependent type="1" schemaName="contact" displayName="Contato" />
      </MissingDependency>
      <MissingDependency>
        <Required type="1" schemaName="msdyn_contactkpiitem" displayName="Item de KPI de Contato" solution="RelationshipAnalytics (9.0.3.90231121)" />
        <Dependent type="1" schemaName="contact" displayName="Contato" />
      </MissingDependency>
      <MissingDependency>
        <Required type="1" schemaName="msdyn_contactkpiitem" displayName="Item de KPI de Contato" solution="RelationshipAnalytics (9.0.3.90231121)" />
        <Dependent type="10" schemaName="msdyn_msdyn_contactkpiitem_contact_contactkpiid" displayName="msdyn_msdyn_contactkpiitem_contact_contactkpiid" parentSchemaName="msdyn_contactkpiitem" parentDisplayName="Item de KPI de Contato" />
      </MissingDependency>
      <MissingDependency>
        <Required type="1" schemaName="msdyn_contactpricelist" displayName="Lista de Preços do Contato" solution="ProjectService (3.10.0.31)" />
        <Dependent type="1" schemaName="contact" displayName="Contato" />
      </MissingDependency>
      <MissingDependency>
        <Required type="1" schemaName="msdyn_conversationparticipantinsights" displayName="Conversation Participant Insights" solution="msdyn_Conversation_Intelligence (9.0.1.1139)" />
        <Dependent type="1" schemaName="contact" displayName="Contato" />
      </MissingDependency>
      <MissingDependency>
        <Required type="1" schemaName="msdyn_dailycontactkpiitem" displayName="KPIs diários do contato" solution="RelationshipAnalytics (9.0.3.90231121)" />
        <Dependent type="1" schemaName="contact" displayName="Contato" />
      </MissingDependency>
      <MissingDependency>
        <Required type="1" schemaName="msdyn_estimateline" displayName="Linha de Estimativa" solution="ProjectService (3.10.0.31)" />
        <Dependent type="1" schemaName="contact" displayName="Contato" />
      </MissingDependency>
      <MissingDependency>
        <Required type="1" schemaName="msdyn_fact" displayName="Fato" solution="ProjectService (3.10.0.31)" />
        <Dependent type="1" schemaName="contact" displayName="Contato" />
      </MissingDependency>
      <MissingDependency>
        <Required type="1" schemaName="msdyn_invoicelinetransaction" displayName="Detalhe da Linha da Fatura" solution="ProjectService (3.10.0.31)" />
        <Dependent type="1" schemaName="contact" displayName="Contato" />
      </MissingDependency>
      <MissingDependency>
        <Required type="1" schemaName="msdyn_journalline" displayName="Linha do Diário" solution="ProjectService (3.10.0.31)" />
        <Dependent type="1" schemaName="contact" displayName="Contato" />
      </MissingDependency>
      <MissingDependency>
        <Required type="1" schemaName="msdyn_linkedentityattributevalidity" displayName="Validade do Atributo de Entidade Vinculada" solution="msdyn_leadhygiene (9.1.2312.1001)" />
        <Dependent type="1" schemaName="contact" displayName="Contato" />
      </MissingDependency>
      <MissingDependency>
        <Required type="1" schemaName="msdyn_liveconversation" displayName="Conversa em andamento (Preterido)" solution="OmnichannelBase (1.10.0.55)" />
        <Dependent type="1" schemaName="contact" displayName="Contato" />
      </MissingDependency>
      <MissingDependency>
        <Required type="1" schemaName="msdyn_mostcontacted" displayName="Mais Contatado" solution="RelationshipAnalytics (9.0.3.90231121)" />
        <Dependent type="1" schemaName="contact" displayName="Contato" />
      </MissingDependency>
      <MissingDependency>
        <Required type="1" schemaName="msdyn_mostcontactedby" displayName="Mais Contatado por" solution="RelationshipAnalytics (9.0.3.90231121)" />
        <Dependent type="1" schemaName="contact" displayName="Contato" />
      </MissingDependency>
      <MissingDependency>
        <Required type="1" schemaName="msdyn_ocliveworkitem" displayName="Conversa" solution="OmnichannelBase (1.10.0.55)" />
        <Dependent type="1" schemaName="contact" displayName="Contato" />
      </MissingDependency>
      <MissingDependency>
        <Required type="1" schemaName="msdyn_opportunitylinetransaction" displayName="Detalhe da Linha de Oportunidade (Preterida)" solution="ProjectService (3.10.0.31)" />
        <Dependent type="1" schemaName="contact" displayName="Contato" />
      </MissingDependency>
      <MissingDependency>
        <Required type="1" schemaName="msdyn_orderlinetransaction" displayName="Detalhe da Linha de Contrato do Projeto" solution="ProjectService (3.10.0.31)" />
        <Dependent type="1" schemaName="contact" displayName="Contato" />
      </MissingDependency>
      <MissingDependency>
        <Required type="1" schemaName="msdyn_orgchartnode" displayName="Entidade de nó de Gráfico da Organização da Microsoft" solution="msdyn_LinkedInExtensions (9.0.23105.10011)" />
        <Dependent type="1" schemaName="contact" displayName="Contato" />
      </MissingDependency>
      <MissingDependency>
        <Required type="1" schemaName="msdyn_preferredagent" displayName="Agente preferencial" solution="UnifiedRouting (1.0.0.4699)" />
        <Dependent type="1" schemaName="contact" displayName="Contato" />
      </MissingDependency>
      <MissingDependency>
        <Required type="1" schemaName="msdyn_quotelinetransaction" displayName="Detalhe da Linha de Cotação" solution="ProjectService (3.10.0.31)" />
        <Dependent type="1" schemaName="contact" displayName="Contato" />
      </MissingDependency>
      <MissingDependency>
        <Required type="1" schemaName="msdyn_rma" displayName="ADM" solution="FieldService (8.8.0.88)" />
        <Dependent type="1" schemaName="contact" displayName="Contato" />
      </MissingDependency>
      <MissingDependency>
        <Required type="1" schemaName="msdyn_rtv" displayName="RTV" solution="FieldService (8.8.0.88)" />
        <Dependent type="1" schemaName="contact" displayName="Contato" />
      </MissingDependency>
      <MissingDependency>
        <Required type="1" schemaName="msdyn_sabackupdiagnostic" displayName="sabackupdiagnostic" solution="msdyn_segment (9.1.2312.1001)" />
        <Dependent type="1" schemaName="contact" displayName="Contato" />
      </MissingDependency>
      <MissingDependency>
        <Required type="1" schemaName="msdyn_salescopilotinsight" displayName="Insight do Sales Copilot" solution="msdyn_SalesCopilot (9.1.23121.10003)" />
        <Dependent type="1" schemaName="contact" displayName="Contato" />
      </MissingDependency>
      <MissingDependency>
        <Required type="1" schemaName="msdyn_salesroutingdiagnostic" displayName="salesroutingdiagnostic" solution="msdyn_segment (9.1.2312.1001)" />
        <Dependent type="1" schemaName="contact" displayName="Contato" />
      </MissingDependency>
      <MissingDependency>
        <Required type="1" schemaName="msdyn_salessuggestion" displayName="Insight" solution="msdyn_acceleratedsales (9.1.23121.10004)" />
        <Dependent type="1" schemaName="contact" displayName="Contato" />
      </MissingDependency>
      <MissingDependency>
        <Required type="1" schemaName="msdyn_sequencetarget" displayName="Destino da Sequência" solution="msdyn_Sequence (9.1.2312.1001)" />
        <Dependent type="1" schemaName="contact" displayName="Contato" />
      </MissingDependency>
      <MissingDependency>
        <Required type="1" schemaName="msdyn_taggedrecord" displayName="Tagged Record" solution="msdyn_VivaSalesCore (9.5.23193.5)" />
        <Dependent type="1" schemaName="contact" displayName="Contato" />
      </MissingDependency>
      <MissingDependency>
        <Required type="1" schemaName="msdyn_workorder" displayName="Ordem de Serviço" solution="FieldService (8.8.0.88)" />
        <Dependent type="1" schemaName="contact" displayName="Contato" />
      </MissingDependency>
      <MissingDependency>
        <Required type="1" schemaName="mspp_webrole" displayName="Função da Web" solution="PowerPages_Apps (1.0.2309.1)" />
        <Dependent type="60" displayName="Portal Contact (Enhanced)" parentDisplayName="Contato" id="{c1c97961-2d42-4103-abf8-2fe2bdf38224}" />
      </MissingDependency>
      <MissingDependency>
        <Required type="1" schemaName="opportunity" displayName="Oportunidade" solution="msdynce_Sales (9.0.4.0076)" />
        <Dependent type="60" displayName="Contato" parentDisplayName="Contato" id="{1fed44d1-ae68-4a41-bd2b-f13acac4acfa}" />
      </MissingDependency>
      <MissingDependency>
        <Required type="10" schemaName="adx_contact_externalidentity" displayName="adx_contact_externalidentity" parentSchemaName="contact" parentDisplayName="Contato" solution="PowerPages_RuntimeCore (1.0.2308.4)" />
        <Dependent type="60" displayName="Portal Contact (Enhanced)" parentDisplayName="Contato" id="{c1c97961-2d42-4103-abf8-2fe2bdf38224}" />
      </MissingDependency>
      <MissingDependency>
        <Required type="10" schemaName="msdyn_msdyn_contactkpiitem_contact_contactkpiid" displayName="msdyn_msdyn_contactkpiitem_contact_contactkpiid" parentSchemaName="msdyn_contactkpiitem" parentDisplayName="Item de KPI de Contato" solution="RelationshipAnalytics (9.0.3.90231121)" />
        <Dependent type="10" schemaName="msdyn_msdyn_contactkpiitem_contact_contactkpiid" displayName="msdyn_msdyn_contactkpiitem_contact_contactkpiid" parentSchemaName="msdyn_contactkpiitem" parentDisplayName="Item de KPI de Contato" />
      </MissingDependency>
      <MissingDependency>
        <Required type="2" schemaName="adx_identity_accessfailedcount" displayName="Contagem de Falhas de Acesso" parentSchemaName="contact" parentDisplayName="Contato" solution="PowerPages_RuntimeCore (1.0.2308.4)" />
        <Dependent type="60" displayName="Portal Contact (Enhanced)" parentDisplayName="Contato" id="{c1c97961-2d42-4103-abf8-2fe2bdf38224}" />
      </MissingDependency>
      <MissingDependency>
        <Required type="2" schemaName="adx_identity_emailaddress1confirmed" displayName="Email Confirmado" parentSchemaName="contact" parentDisplayName="Contato" solution="PowerPages_RuntimeCore (1.0.2308.4)" />
        <Dependent type="60" displayName="Portal Contact (Enhanced)" parentDisplayName="Contato" id="{c1c97961-2d42-4103-abf8-2fe2bdf38224}" />
      </MissingDependency>
      <MissingDependency>
        <Required type="2" schemaName="adx_identity_locallogindisabled" displayName="Logon Local Desabilitado" parentSchemaName="contact" parentDisplayName="Contato" solution="PowerPages_RuntimeCore (1.0.2308.4)" />
        <Dependent type="60" displayName="Portal Contact (Enhanced)" parentDisplayName="Contato" id="{c1c97961-2d42-4103-abf8-2fe2bdf38224}" />
      </MissingDependency>
      <MissingDependency>
        <Required type="2" schemaName="adx_identity_lockoutenabled" displayName="Bloqueio Habilitado" parentSchemaName="contact" parentDisplayName="Contato" solution="PowerPages_RuntimeCore (1.0.2308.4)" />
        <Dependent type="60" displayName="Portal Contact (Enhanced)" parentDisplayName="Contato" id="{c1c97961-2d42-4103-abf8-2fe2bdf38224}" />
      </MissingDependency>
      <MissingDependency>
        <Required type="2" schemaName="adx_identity_lockoutenddate" displayName="Data de Término do Bloqueio" parentSchemaName="contact" parentDisplayName="Contato" solution="PowerPages_RuntimeCore (1.0.2308.4)" />
        <Dependent type="60" displayName="Portal Contact (Enhanced)" parentDisplayName="Contato" id="{c1c97961-2d42-4103-abf8-2fe2bdf38224}" />
      </MissingDependency>
      <MissingDependency>
        <Required type="2" schemaName="adx_identity_logonenabled" displayName="Logon Habilitado" parentSchemaName="contact" parentDisplayName="Contato" solution="PowerPages_RuntimeCore (1.0.2308.4)" />
        <Dependent type="60" displayName="Portal Contact (Enhanced)" parentDisplayName="Contato" id="{c1c97961-2d42-4103-abf8-2fe2bdf38224}" />
      </MissingDependency>
      <MissingDependency>
        <Required type="2" schemaName="adx_identity_mobilephoneconfirmed" displayName="Número de Celular Confirmado" parentSchemaName="contact" parentDisplayName="Contato" solution="PowerPages_RuntimeCore (1.0.2308.4)" />
        <Dependent type="60" displayName="Portal Contact (Enhanced)" parentDisplayName="Contato" id="{c1c97961-2d42-4103-abf8-2fe2bdf38224}" />
      </MissingDependency>
      <MissingDependency>
        <Required type="2" schemaName="adx_identity_securitystamp" displayName="Selo de Segurança" parentSchemaName="contact" parentDisplayName="Contato" solution="PowerPages_RuntimeCore (1.0.2308.4)" />
        <Dependent type="60" displayName="Portal Contact (Enhanced)" parentDisplayName="Contato" id="{c1c97961-2d42-4103-abf8-2fe2bdf38224}" />
      </MissingDependency>
      <MissingDependency>
        <Required type="2" schemaName="adx_identity_twofactorenabled" displayName="Dois Fatores Habilitado" parentSchemaName="contact" parentDisplayName="Contato" solution="PowerPages_RuntimeCore (1.0.2308.4)" />
        <Dependent type="60" displayName="Portal Contact (Enhanced)" parentDisplayName="Contato" id="{c1c97961-2d42-4103-abf8-2fe2bdf38224}" />
      </MissingDependency>
      <MissingDependency>
        <Required type="2" schemaName="adx_identity_username" displayName="Nome de Usuário" parentSchemaName="contact" parentDisplayName="Contato" solution="PowerPages_RuntimeCore (1.0.2308.4)" />
        <Dependent type="60" displayName="Portal Contact (Enhanced)" parentDisplayName="Contato" id="{c1c97961-2d42-4103-abf8-2fe2bdf38224}" />
      </MissingDependency>
      <MissingDependency>
        <Required type="2" schemaName="adx_organizationname" displayName="Organization Name" parentSchemaName="contact" parentDisplayName="Contato" solution="PowerPages_RuntimeCoreDependencies (1.0.2305.1)" />
        <Dependent type="60" displayName="Profile Web Form (Enhanced) - Japanese" parentDisplayName="Contato" id="{01124dd8-9bff-4cc0-bb33-ea9d943c3f9f}" />
      </MissingDependency>
      <MissingDependency>
        <Required type="2" schemaName="adx_organizationname" displayName="Organization Name" parentSchemaName="contact" parentDisplayName="Contato" solution="PowerPages_RuntimeCoreDependencies (1.0.2305.1)" />
        <Dependent type="60" displayName="Profile Web Form (Enhanced)" parentDisplayName="Contato" id="{bddc0100-0dbe-4562-aafe-31d08c8ab506}" />
      </MissingDependency>
      <MissingDependency>
        <Required type="2" schemaName="adx_publicprofilecopy" displayName="Cópia do Perfil Público" parentSchemaName="contact" parentDisplayName="Contato" solution="PowerPages_RuntimeCore (1.0.2308.4)" />
        <Dependent type="60" displayName="Profile Web Form (Enhanced) - Japanese" parentDisplayName="Contato" id="{01124dd8-9bff-4cc0-bb33-ea9d943c3f9f}" />
      </MissingDependency>
      <MissingDependency>
        <Required type="2" schemaName="adx_publicprofilecopy" displayName="Cópia do Perfil Público" parentSchemaName="contact" parentDisplayName="Contato" solution="PowerPages_RuntimeCore (1.0.2308.4)" />
        <Dependent type="60" displayName="Profile Web Form (Enhanced)" parentDisplayName="Contato" id="{bddc0100-0dbe-4562-aafe-31d08c8ab506}" />
      </MissingDependency>
      <MissingDependency>
        <Required type="2" schemaName="adx_timezone" displayName="Time Zone" parentSchemaName="contact" parentDisplayName="Contato" solution="PowerPages_RuntimeCoreDependencies (1.0.2305.1)" />
        <Dependent type="60" displayName="Portal Contact (Enhanced)" parentDisplayName="Contato" id="{c1c97961-2d42-4103-abf8-2fe2bdf38224}" />
      </MissingDependency>
      <MissingDependency>
        <Required type="2" schemaName="businesscard" displayName="Cartão de Visita" parentSchemaName="contact" parentDisplayName="Contato" solution="msdynce_SalesPatch201904 (9.0.1912.1007)" />
        <Dependent type="60" displayName="Contato" parentDisplayName="Contato" id="{1fed44d1-ae68-4a41-bd2b-f13acac4acfa}" />
      </MissingDependency>
      <MissingDependency>
        <Required type="2" schemaName="businesscardattributes" displayName="BusinessCardAttributes" parentSchemaName="contact" parentDisplayName="Contato" solution="msdynce_SalesPatch201904 (9.0.1912.1007)" />
        <Dependent type="60" displayName="Contato" parentDisplayName="Contato" id="{1fed44d1-ae68-4a41-bd2b-f13acac4acfa}" />
      </MissingDependency>
      <MissingDependency>
        <Required type="2" schemaName="defaultpricelevelid" displayName="Lista de Preços" parentSchemaName="contact" parentDisplayName="Contato" solution="msdynce_ProductManagement (9.0.4.0066)" />
        <Dependent type="60" displayName="Portal Contact (Enhanced)" parentDisplayName="Contato" id="{c1c97961-2d42-4103-abf8-2fe2bdf38224}" />
      </MissingDependency>
      <MissingDependency>
        <Required type="2" schemaName="msa_managingpartnerid" displayName="Gerenciando Parceiros" parentSchemaName="contact" parentDisplayName="Contato" solution="PowerPages_RuntimeCoreDependencies (1.0.2305.1)" />
        <Dependent type="2" schemaName="parentcustomerid" displayName="Nome da Empresa" parentSchemaName="contact" parentDisplayName="Contato" />
      </MissingDependency>
      <MissingDependency>
        <Required type="2" schemaName="msdyn_contactkpiid" displayName="KPI" parentSchemaName="contact" parentDisplayName="Contato" solution="RelationshipAnalytics (9.0.3.90231121)" />
        <Dependent type="10" schemaName="msdyn_msdyn_contactkpiitem_contact_contactkpiid" displayName="msdyn_msdyn_contactkpiitem_contact_contactkpiid" parentSchemaName="msdyn_contactkpiitem" parentDisplayName="Item de KPI de Contato" />
      </MissingDependency>
      <MissingDependency>
        <Required type="2" schemaName="msdyn_primarytimezone" displayName="Fuso Horário Principal" parentSchemaName="contact" parentDisplayName="Contato" solution="msdyn_AssetCommon (1.0.46.7)" />
        <Dependent type="60" displayName="Contato" parentDisplayName="Contato" id="{1fed44d1-ae68-4a41-bd2b-f13acac4acfa}" />
      </MissingDependency>
      <MissingDependency>
        <Required type="2" schemaName="mspp_userpreferredlcid" displayName="Idioma Preferido" parentSchemaName="contact" parentDisplayName="Contato" solution="PowerPages_RuntimeExtensions (1.0.2310.1)" />
        <Dependent type="60" displayName="Profile Web Form (Enhanced) - Japanese" parentDisplayName="Contato" id="{01124dd8-9bff-4cc0-bb33-ea9d943c3f9f}" />
      </MissingDependency>
      <MissingDependency>
        <Required type="2" schemaName="mspp_userpreferredlcid" displayName="Idioma Preferido" parentSchemaName="contact" parentDisplayName="Contato" solution="PowerPages_RuntimeExtensions (1.0.2310.1)" />
        <Dependent type="60" displayName="Profile Web Form (Enhanced)" parentDisplayName="Contato" id="{bddc0100-0dbe-4562-aafe-31d08c8ab506}" />
      </MissingDependency>
      <MissingDependency>
        <Required type="2" schemaName="originatingleadid" displayName="Cliente Potencial Originador" parentSchemaName="contact" parentDisplayName="Contato" solution="msdynce_LeadManagement (9.0.4.0066)" />
        <Dependent type="60" displayName="Contato" parentDisplayName="Contato" id="{1fed44d1-ae68-4a41-bd2b-f13acac4acfa}" />
      </MissingDependency>
      <MissingDependency>
        <Required type="2" schemaName="msdyn_contactkpiitemid" displayName="Identificador Exclusivo de Instâncias da Entidade" parentSchemaName="msdyn_contactkpiitem" parentDisplayName="Item de KPI de Contato" solution="RelationshipAnalytics (9.0.3.90231121)" />
        <Dependent type="10" schemaName="msdyn_msdyn_contactkpiitem_contact_contactkpiid" displayName="msdyn_msdyn_contactkpiitem_contact_contactkpiid" parentSchemaName="msdyn_contactkpiitem" parentDisplayName="Item de KPI de Contato" />
      </MissingDependency>
      <MissingDependency>
        <Required type="2" schemaName="msdyn_name" displayName="Nome da Entidade Personalizada" parentSchemaName="msdyn_contactkpiitem" parentDisplayName="Item de KPI de Contato" solution="RelationshipAnalytics (9.0.3.90231121)" />
        <Dependent type="10" schemaName="msdyn_msdyn_contactkpiitem_contact_contactkpiid" displayName="msdyn_msdyn_contactkpiitem_contact_contactkpiid" parentSchemaName="msdyn_contactkpiitem" parentDisplayName="Item de KPI de Contato" />
      </MissingDependency>
      <MissingDependency>
        <Required type="26" schemaName="Minhas Ocorrências Ativas" displayName="Minhas Ocorrências Ativas" parentSchemaName="incident" parentDisplayName="Ocorrência" solution="msdynce_Service (9.0.5.56)" id="{00000000-0000-0000-00aa-000010001028}" />
        <Dependent type="60" displayName="Contato" parentDisplayName="Contato" id="{1fed44d1-ae68-4a41-bd2b-f13acac4acfa}" />
      </MissingDependency>
      <MissingDependency>
        <Required type="26" schemaName="Minhas Oportunidades Abertas" displayName="Minhas Oportunidades Abertas" parentSchemaName="opportunity" parentDisplayName="Oportunidade" solution="msdynce_Sales (9.0.4.0076)" id="{00000000-0000-0000-00aa-000010003000}" />
        <Dependent type="60" displayName="Contato" parentDisplayName="Contato" id="{1fed44d1-ae68-4a41-bd2b-f13acac4acfa}" />
      </MissingDependency>
      <MissingDependency>
        <Required type="26" schemaName="Todos os Contatos" displayName="Todos os Contatos" parentSchemaName="contact" parentDisplayName="Contato" solution="msdynce_AppCommon (9.0.4.0066)" id="{0d5d377b-5e7c-47b5-bab1-a5cb8b4ac105}" />
        <Dependent type="60" displayName="Painel de Contatos" parentDisplayName="Contato" id="{70ad8b15-e3f3-4d7d-9e4b-16cb4e51b484}" />
      </MissingDependency>
      <MissingDependency>
        <Required type="26" schemaName="Funções da Web Ativas" displayName="Funções da Web Ativas" parentSchemaName="mspp_webrole" parentDisplayName="Função da Web" solution="PowerPages_Apps (1.0.2309.1)" id="{735de4f0-c287-42eb-b5e6-2f01a75a40fb}" />
        <Dependent type="60" displayName="Portal Contact (Enhanced)" parentDisplayName="Contato" id="{c1c97961-2d42-4103-abf8-2fe2bdf38224}" />
      </MissingDependency>
      <MissingDependency>
        <Required type="26" schemaName="Identidades Externas Ativas" displayName="Identidades Externas Ativas" parentSchemaName="adx_externalidentity" parentDisplayName="Identidade Externa" solution="PowerPages_RuntimeCore (1.0.2308.4)" id="{93fe9ed1-cabf-4755-9f63-4f3f989084e6}" />
        <Dependent type="60" displayName="Portal Contact (Enhanced)" parentDisplayName="Contato" id="{c1c97961-2d42-4103-abf8-2fe2bdf38224}" />
      </MissingDependency>
      <MissingDependency>
        <Required type="26" schemaName="Oportunidades Recentes" displayName="Oportunidades Recentes" parentSchemaName="opportunity" parentDisplayName="Oportunidade" solution="msdynce_Sales (9.0.4.0076)" id="{9c3f7ee8-eca7-e211-9fb6-00155dd0ea05}" />
        <Dependent type="60" displayName="Contato" parentDisplayName="Contato" id="{1fed44d1-ae68-4a41-bd2b-f13acac4acfa}" />
      </MissingDependency>
      <MissingDependency>
        <Required type="26" schemaName="Todos os Direitos" displayName="Todos os Direitos" parentSchemaName="entitlement" parentDisplayName="Direito" solution="msdynce_Service (9.0.5.56)" id="{aa69e7e2-913a-4a5a-8609-8ca443554909}" />
        <Dependent type="60" displayName="Contato" parentDisplayName="Contato" id="{1fed44d1-ae68-4a41-bd2b-f13acac4acfa}" />
      </MissingDependency>
      <MissingDependency>
        <Required type="26" schemaName="Ocorrências Recentes" displayName="Ocorrências Recentes" parentSchemaName="incident" parentDisplayName="Ocorrência" solution="msdynce_Service (9.0.5.56)" id="{ebd1d24a-eea7-e211-9fb6-00155dd0ea05}" />
        <Dependent type="60" displayName="Contato" parentDisplayName="Contato" id="{1fed44d1-ae68-4a41-bd2b-f13acac4acfa}" />
      </MissingDependency>
      <MissingDependency>
        <Required type="29" displayName="PowerAppV2 -&gt; Enviar um email (V2)" solution="Active" id="{202492e3-5db6-ee11-9078-0022483606e2}" />
        <Dependent type="300" schemaName="dio_aplicativooficialcanvaapp_d18e3" displayName="Aplicativo Oficial Canva APP" />
      </MissingDependency>
      <MissingDependency>
        <Required type="59" schemaName="Principais Clientes" displayName="Principais Clientes" parentSchemaName="opportunity" parentDisplayName="Oportunidade" solution="msdynce_Sales (9.0.4.0076)" id="{8bc5fb18-48f2-4782-9e16-3d452fa4ddce}" />
        <Dependent type="60" displayName="Contato" parentDisplayName="Contato" id="{1fed44d1-ae68-4a41-bd2b-f13acac4acfa}" />
      </MissingDependency>
      <MissingDependency>
        <Required type="59" schemaName="Combinação de Ocorrências (por Unidade de Negócios)" displayName="Combinação de Ocorrências (por Unidade de Negócios)" parentSchemaName="incident" parentDisplayName="Ocorrência" solution="msdynce_Service (9.0.5.56)" id="{f10375a6-4893-de11-97d4-00155da3b01e}" />
        <Dependent type="60" displayName="Contato" parentDisplayName="Contato" id="{1fed44d1-ae68-4a41-bd2b-f13acac4acfa}" />
      </MissingDependency>
      <MissingDependency>
        <Required type="59" schemaName="Expiração de Direitos" displayName="Expiração de Direitos" parentSchemaName="entitlement" parentDisplayName="Direito" solution="msdynce_Service (9.0.5.56)" id="{fdb919bb-c6fc-4fc8-8fa5-67ace68e41d1}" />
        <Dependent type="60" displayName="Contato" parentDisplayName="Contato" id="{1fed44d1-ae68-4a41-bd2b-f13acac4acfa}" />
      </MissingDependency>
      <MissingDependency>
        <Required type="60" displayName="Profile Web Form (Enhanced) - Japanese" parentDisplayName="Contato" solution="PowerPages_RuntimeCore (1.0.2308.4)" id="{01124dd8-9bff-4cc0-bb33-ea9d943c3f9f}" />
        <Dependent type="60" displayName="Profile Web Form (Enhanced) - Japanese" parentDisplayName="Contato" id="{01124dd8-9bff-4cc0-bb33-ea9d943c3f9f}" />
      </MissingDependency>
      <MissingDependency>
        <Required type="60" displayName="Contato" parentDisplayName="Contato" solution="msdynce_AppCommon (9.0.4.0066)" id="{1fed44d1-ae68-4a41-bd2b-f13acac4acfa}" />
        <Dependent type="60" displayName="Contato" parentDisplayName="Contato" id="{1fed44d1-ae68-4a41-bd2b-f13acac4acfa}" />
      </MissingDependency>
      <MissingDependency>
        <Required type="60" displayName="cartão do contato da conta" parentDisplayName="Contato" solution="msdynce_AppCommon (9.0.4.0066)" id="{29de27bc-a257-4f29-99cf-bab4a84e688f}" />
        <Dependent type="60" displayName="Contato" parentDisplayName="Contato" id="{1fed44d1-ae68-4a41-bd2b-f13acac4acfa}" />
      </MissingDependency>
      <MissingDependency>
        <Required type="60" displayName="Painel de Contatos" parentDisplayName="Contato" solution="msdynce_Service (9.0.5.56)" id="{70ad8b15-e3f3-4d7d-9e4b-16cb4e51b484}" />
        <Dependent type="60" displayName="Painel de Contatos" parentDisplayName="Contato" id="{70ad8b15-e3f3-4d7d-9e4b-16cb4e51b484}" />
      </MissingDependency>
      <MissingDependency>
        <Required type="60" displayName="Informações" parentDisplayName="Contato" solution="msdynce_AppCommon (9.0.4.0066)" id="{894cc46a-b0cb-4ab0-8bf6-200544e46a2d}" />
        <Dependent type="60" displayName="Informações" parentDisplayName="Contato" id="{894cc46a-b0cb-4ab0-8bf6-200544e46a2d}" />
      </MissingDependency>
      <MissingDependency>
        <Required type="60" displayName="Profile Web Form (Enhanced)" parentDisplayName="Contato" solution="PowerPages_RuntimeCore (1.0.2308.4)" id="{bddc0100-0dbe-4562-aafe-31d08c8ab506}" />
        <Dependent type="60" displayName="Profile Web Form (Enhanced)" parentDisplayName="Contato" id="{bddc0100-0dbe-4562-aafe-31d08c8ab506}" />
      </MissingDependency>
      <MissingDependency>
        <Required type="60" displayName="Portal Contact (Enhanced)" parentDisplayName="Contato" solution="PowerPages_RuntimeCore (1.0.2308.4)" id="{c1c97961-2d42-4103-abf8-2fe2bdf38224}" />
        <Dependent type="60" displayName="Portal Contact (Enhanced)" parentDisplayName="Contato" id="{c1c97961-2d42-4103-abf8-2fe2bdf38224}" />
      </MissingDependency>
      <MissingDependency>
        <Required type="60" displayName="Invite Web Form" parentDisplayName="Contato" solution="PowerPages_RuntimeCore (1.0.2308.4)" id="{d6190b35-9474-4098-9698-33f6627eb3bf}" />
        <Dependent type="60" displayName="Invite Web Form" parentDisplayName="Contato" id="{d6190b35-9474-4098-9698-33f6627eb3bf}" />
      </MissingDependency>
      <MissingDependency>
        <Required type="61" schemaName="AppCommon/Contact/Contact_main_system_library.js" displayName="AppCommon/Contact/Contact_main_system_library.js" solution="msdynce_AppCommon (9.0.4.0066)" />
        <Dependent type="60" displayName="Profile Web Form (Enhanced) - Japanese" parentDisplayName="Contato" id="{01124dd8-9bff-4cc0-bb33-ea9d943c3f9f}" />
      </MissingDependency>
      <MissingDependency>
        <Required type="61" schemaName="AppCommon/Contact/Contact_main_system_library.js" displayName="AppCommon/Contact/Contact_main_system_library.js" solution="msdynce_AppCommon (9.0.4.0066)" />
        <Dependent type="60" displayName="Contato" parentDisplayName="Contato" id="{1fed44d1-ae68-4a41-bd2b-f13acac4acfa}" />
      </MissingDependency>
      <MissingDependency>
        <Required type="61" schemaName="AppCommon/Contact/Contact_main_system_library.js" displayName="AppCommon/Contact/Contact_main_system_library.js" solution="msdynce_AppCommon (9.0.4.0066)" />
        <Dependent type="60" displayName="Informações" parentDisplayName="Contato" id="{894cc46a-b0cb-4ab0-8bf6-200544e46a2d}" />
      </MissingDependency>
      <MissingDependency>
        <Required type="61" schemaName="AppCommon/Contact/Contact_main_system_library.js" displayName="AppCommon/Contact/Contact_main_system_library.js" solution="msdynce_AppCommon (9.0.4.0066)" />
        <Dependent type="60" displayName="Profile Web Form (Enhanced)" parentDisplayName="Contato" id="{bddc0100-0dbe-4562-aafe-31d08c8ab506}" />
      </MissingDependency>
      <MissingDependency>
        <Required type="61" schemaName="AppCommon/Contact/Contact_main_system_library.js" displayName="AppCommon/Contact/Contact_main_system_library.js" solution="msdynce_AppCommon (9.0.4.0066)" />
        <Dependent type="60" displayName="Invite Web Form" parentDisplayName="Contato" id="{d6190b35-9474-4098-9698-33f6627eb3bf}" />
      </MissingDependency>
      <MissingDependency>
        <Required type="61" schemaName="msdyn_/ActivityFeeds.Form.js" displayName="msdyn_/ActivityFeeds.Form.js" solution="ActivityFeedsCore (9.0.0.0009)" />
        <Dependent type="60" displayName="Profile Web Form (Enhanced) - Japanese" parentDisplayName="Contato" id="{01124dd8-9bff-4cc0-bb33-ea9d943c3f9f}" />
      </MissingDependency>
      <MissingDependency>
        <Required type="61" schemaName="msdyn_/ActivityFeeds.Form.js" displayName="msdyn_/ActivityFeeds.Form.js" solution="ActivityFeedsCore (9.0.0.0009)" />
        <Dependent type="60" displayName="Informações" parentDisplayName="Contato" id="{894cc46a-b0cb-4ab0-8bf6-200544e46a2d}" />
      </MissingDependency>
      <MissingDependency>
        <Required type="61" schemaName="msdyn_/ActivityFeeds.Form.js" displayName="msdyn_/ActivityFeeds.Form.js" solution="ActivityFeedsCore (9.0.0.0009)" />
        <Dependent type="60" displayName="Profile Web Form (Enhanced)" parentDisplayName="Contato" id="{bddc0100-0dbe-4562-aafe-31d08c8ab506}" />
      </MissingDependency>
      <MissingDependency>
        <Required type="61" schemaName="msdyn_/ActivityFeeds.Form.js" displayName="msdyn_/ActivityFeeds.Form.js" solution="ActivityFeedsCore (9.0.0.0009)" />
        <Dependent type="60" displayName="Portal Contact (Enhanced)" parentDisplayName="Contato" id="{c1c97961-2d42-4103-abf8-2fe2bdf38224}" />
      </MissingDependency>
      <MissingDependency>
        <Required type="61" schemaName="msdyn_/ActivityFeeds.Form.js" displayName="msdyn_/ActivityFeeds.Form.js" solution="ActivityFeedsCore (9.0.0.0009)" />
        <Dependent type="60" displayName="Invite Web Form" parentDisplayName="Contato" id="{d6190b35-9474-4098-9698-33f6627eb3bf}" />
      </MissingDependency>
      <MissingDependency>
        <Required type="61" schemaName="msdyn_/Contact/Contact.Library.js" displayName="msdyn_/Contact/Contact.Library.js" solution="FieldService (8.8.0.88)" />
        <Dependent type="60" displayName="Contato" parentDisplayName="Contato" id="{1fed44d1-ae68-4a41-bd2b-f13acac4acfa}" />
      </MissingDependency>
      <MissingDependency>
        <Required type="61" schemaName="msdyn_/Images/AppModule_Default_Icon.png" displayName="msdyn_/Images/AppModule_Default_Icon.png" solution="AppModuleWebResources (2.5)" />
        <Dependent type="80" schemaName="dio_ProjetoaplicativocanvaDIO" displayName="Projeto aplicativo canva DIO" />
      </MissingDependency>
      <MissingDependency>
        <Required type="61" schemaName="msdyn_/RecordWall.htm" displayName="msdyn_/RecordWall.htm" solution="ActivityFeedsCore (9.0.0.0009)" />
        <Dependent type="60" displayName="Profile Web Form (Enhanced) - Japanese" parentDisplayName="Contato" id="{01124dd8-9bff-4cc0-bb33-ea9d943c3f9f}" />
      </MissingDependency>
      <MissingDependency>
        <Required type="61" schemaName="msdyn_/RecordWall.htm" displayName="msdyn_/RecordWall.htm" solution="ActivityFeedsCore (9.0.0.0009)" />
        <Dependent type="60" displayName="Informações" parentDisplayName="Contato" id="{894cc46a-b0cb-4ab0-8bf6-200544e46a2d}" />
      </MissingDependency>
      <MissingDependency>
        <Required type="61" schemaName="msdyn_/RecordWall.htm" displayName="msdyn_/RecordWall.htm" solution="ActivityFeedsCore (9.0.0.0009)" />
        <Dependent type="60" displayName="Profile Web Form (Enhanced)" parentDisplayName="Contato" id="{bddc0100-0dbe-4562-aafe-31d08c8ab506}" />
      </MissingDependency>
      <MissingDependency>
        <Required type="61" schemaName="msdyn_/RecordWall.htm" displayName="msdyn_/RecordWall.htm" solution="ActivityFeedsCore (9.0.0.0009)" />
        <Dependent type="60" displayName="Portal Contact (Enhanced)" parentDisplayName="Contato" id="{c1c97961-2d42-4103-abf8-2fe2bdf38224}" />
      </MissingDependency>
      <MissingDependency>
        <Required type="61" schemaName="msdyn_/RecordWall.htm" displayName="msdyn_/RecordWall.htm" solution="ActivityFeedsCore (9.0.0.0009)" />
        <Dependent type="60" displayName="Invite Web Form" parentDisplayName="Contato" id="{d6190b35-9474-4098-9698-33f6627eb3bf}" />
      </MissingDependency>
      <MissingDependency>
        <Required type="61" schemaName="msdyn_/Scripts/WhoKnowsWhomLoader.js" displayName="msdyn_/Scripts/WhoKnowsWhomLoader.js" solution="msdyn_connectiongraph (9.3.0.93231123)" />
        <Dependent type="60" displayName="Contato" parentDisplayName="Contato" id="{1fed44d1-ae68-4a41-bd2b-f13acac4acfa}" />
      </MissingDependency>
      <MissingDependency>
        <Required type="61" schemaName="msdyn_SalesOmniChannel/SalesPhoneNumber.Library.js" displayName="msdyn_SalesOmniChannel/SalesPhoneNumber.Library.js" solution="msdyn_SalesOmniChannel (9.1.23121.10004)" />
        <Dependent type="60" displayName="Contato" parentDisplayName="Contato" id="{1fed44d1-ae68-4a41-bd2b-f13acac4acfa}" />
      </MissingDependency>
      <MissingDependency>
        <Required type="61" schemaName="msdyn_talkingpointsloader.js" displayName="msdyn_talkingpointsloader.js" solution="msdynce_Talkingpoints (9.1.0.59)" />
        <Dependent type="60" displayName="Contato" parentDisplayName="Contato" id="{1fed44d1-ae68-4a41-bd2b-f13acac4acfa}" />
      </MissingDependency>
      <MissingDependency>
        <Required type="61" schemaName="mspp_entities/subgrid_filtering.js" displayName="mspp_entities/subgrid_filtering.js" solution="PowerPages_AppResources (1.0.2308.1)" />
        <Dependent type="60" displayName="Portal Contact (Enhanced)" parentDisplayName="Contato" id="{c1c97961-2d42-4103-abf8-2fe2bdf38224}" />
      </MissingDependency>
      <MissingDependency>
        <Required type="66" schemaName="Intelligence.BusinessCardReaderControl.BusinessCardReader" displayName="Intelligence.BusinessCardReaderControl.BusinessCardReader" solution="BaseCustomControlsCore (9.0.2312.3020)" />
        <Dependent type="60" displayName="Contato" parentDisplayName="Contato" id="{1fed44d1-ae68-4a41-bd2b-f13acac4acfa}" />
      </MissingDependency>
      <MissingDependency>
        <Required type="66" schemaName="Microsoft.AddressInputUCI" displayName="Microsoft.AddressInputUCI" solution="BaseCustomControlsCore (9.0.2312.3020)" />
        <Dependent type="60" displayName="Contato" parentDisplayName="Contato" id="{1fed44d1-ae68-4a41-bd2b-f13acac4acfa}" />
      </MissingDependency>
      <MissingDependency>
        <Required type="66" schemaName="MscrmControls.Canvas.CanvasControl" displayName="MscrmControls.Canvas.CanvasControl" solution="BaseCustomControlsCore (9.0.2312.3020)" />
        <Dependent type="60" displayName="Contato" parentDisplayName="Contato" id="{1fed44d1-ae68-4a41-bd2b-f13acac4acfa}" />
      </MissingDependency>
      <MissingDependency>
        <Required type="66" schemaName="MscrmControls.Canvas.CanvasControl" displayName="MscrmControls.Canvas.CanvasControl" solution="BaseCustomControlsCore (9.0.2312.3020)" />
        <Dependent type="60" displayName="Informações" parentDisplayName="Curso" id="{331ac5d5-5bfd-4eeb-8736-593fc2485698}" />
      </MissingDependency>
      <MissingDependency>
        <Required type="66" schemaName="MscrmControls.CardFeedContainer.CardFeedContainer" displayName="MscrmControls.CardFeedContainer.CardFeedContainer" solution="BaseCustomControlsCore (9.0.2312.3020)" />
        <Dependent type="60" displayName="Contato" parentDisplayName="Contato" id="{1fed44d1-ae68-4a41-bd2b-f13acac4acfa}" />
      </MissingDependency>
      <MissingDependency>
        <Required type="66" schemaName="MscrmControls.LeadHygiene.ValidatedFieldControl" displayName="MscrmControls.LeadHygiene.ValidatedFieldControl" solution="msdyn_leadhygiene (9.1.2312.1001)" />
        <Dependent type="60" displayName="Contato" parentDisplayName="Contato" id="{1fed44d1-ae68-4a41-bd2b-f13acac4acfa}" />
      </MissingDependency>
      <MissingDependency>
        <Required type="66" schemaName="MscrmControls.TalkingPointsControl.TalkingPoints" displayName="MscrmControls.TalkingPointsControl.TalkingPoints" solution="msdynce_Talkingpoints (9.1.0.59)" />
        <Dependent type="60" displayName="Contato" parentDisplayName="Contato" id="{1fed44d1-ae68-4a41-bd2b-f13acac4acfa}" />
      </MissingDependency>
      <MissingDependency>
        <Required type="66" schemaName="msdyn_SalesOmniChannel.SalesPhoneNumberControl" displayName="msdyn_SalesOmniChannel.SalesPhoneNumberControl" solution="msdyn_SalesOmniChannel (9.1.23121.10004)" />
        <Dependent type="60" displayName="Contato" parentDisplayName="Contato" id="{1fed44d1-ae68-4a41-bd2b-f13acac4acfa}" />
      </MissingDependency>
      <MissingDependency>
        <Required type="66" schemaName="MsdynControls.WKWControls.ConnectionsWidget" displayName="MsdynControls.WKWControls.ConnectionsWidget" solution="msdyn_connectiongraph (9.3.0.93231123)" />
        <Dependent type="60" displayName="Contato" parentDisplayName="Contato" id="{1fed44d1-ae68-4a41-bd2b-f13acac4acfa}" />
      </MissingDependency>
      <MissingDependency>
        <Required type="SettingDefinition" displayName="AppChannel" solution="msdyn_AppFrameworkInfraExtensions (1.0.0.6)" id.uniquename="AppChannel" />
        <Dependent type="AppSetting" displayName="parentappmoduleid.uniquename=dio_ProjetoaplicativocanvaDIO,settingdefinitionid.uniquename=AppChannel" id.parentappmoduleid.uniquename="dio_ProjetoaplicativocanvaDIO" id.settingdefinitionid.uniquename="AppChannel" />
      </MissingDependency>
    </MissingDependencies>
  </SolutionManifest>
</ImportExportXml>